,patient_2,patient_5,patient_9,patient_10
0,0.7195893567986617,0.27316777509869905,0.24204830917874312,0.5918305642424133
1,0.6848509149230851,0.3539651837524164,0.2514492753623189,0.477576034276883
