,Slice A,Slice B,Slice C
SCC-clusters-patient2-orig-original,-56.81278440242354,-52.04700210407676,-48.72849800691045
