,Pair 1,Pair 2
original,0.7195893567986617,0.6848509149230851
